{
  "urls": [
    "ch0.mp3",
    "ch0.ogg",
    "ch0.m4a"
  ],
  "sprite": {
    "silence": [
      0,
      1000,
      true
    ],
    "BaseMusicLoop": [
      1050,
      7619.047619047619
    ],
    "BonusMusicLoop": [
      9100.000000000002,
      15238.095238095237
    ],
    "MusicLoop": [
      25150.000000000004,
      30000.000000000004
    ]
  }
}