{
  "urls": [
    "ch10.mp3",
    "ch10.ogg",
    "ch10.m4a"
  ],
  "sprite": {
    "silence": [
      0,
      1000,
      true
    ],
    "BonusTransition": [
      1050,
      1536.7120181405899
    ],
    "BonusTriggered": [
      3100.0000000000005,
      2637.029478458049
    ],
    "LoseLife": [
      6150,
      555.5555555555553
    ]
  }
}