{
  "urls": [
    "ch2.mp3",
    "ch2.ogg",
    "ch2.m4a"
  ],
  "sprite": {
    "silence": [
      0,
      1000,
      true
    ],
    "7Win01": [
      1050,
      1899.342403628118
    ],
    "ArrowWin": [
      3100,
      2252.4943310657595
    ],
    "BetUp": [
      6150,
      423.99092970521576
    ]
  }
}