{
  "urls": [
    "ch1.mp3",
    "ch1.ogg",
    "ch1.m4a"
  ],
  "sprite": {
    "silence": [
      0,
      1000,
      true
    ],
    "BetDown": [
      1050,
      418.1859410430839
    ],
    "CashWin": [
      2100,
      1965.2607709750564
    ],
    "Match": [
      4149.999999999999,
      2280.272108843538
    ],
    "MusicTermLose": [
      7200,
      1904.7619047619041
    ],
    "MusicTermWin": [
      9250,
      4761.904761904762
    ],
    "Reveal02": [
      14300,
      405.75963718820776
    ]
  }
}