{
  "urls": [
    "ch4.mp3",
    "ch4.ogg",
    "ch4.m4a"
  ],
  "sprite": {
    "silence": [
      0,
      1000,
      true
    ],
    "Click": [
      1050,
      310.5668934240362
    ],
    "Reveal03": [
      2100,
      416.6666666666665
    ],
    "SpinLoop": [
      3150,
      2102.607709750567
    ],
    "YourNumberSelect": [
      6200,
      1600.0000000000005
    ]
  }
}