{
  "urls": [
    "ch3.mp3",
    "ch3.ogg",
    "ch3.m4a"
  ],
  "sprite": {
    "silence": [
      0,
      1000,
      true
    ],
    "BetMax": [
      1050,
      1202.5170068027212
    ],
    "Reveal01": [
      3100,
      435.0566893424035
    ],
    "Ruby01": [
      4150,
      1071.428571428571
    ],
    "SpinButton": [
      6200,
      1166.2811791383226
    ]
  }
}